1INCH/USDT,1INCH_USDT
AAVE/USDT,AAVE_USDT
ACM/USDT,ACM_USDT
ADA/USDT,ADA_USDT
AION/USDT,AION_USDT
AKRO/USDT,AKRO_USDT
ALGO/USDT,ALGO_USDT
ALICE/USDT,ALICE_USDT
ALPACA/USDT,ALPACA_USDT
ALPHA/USDT,ALPHA_USDT
ANKR/USDT,ANKR_USDT
ANT/USDT,ANT_USDT
AR/USDT,AR_USDT
ARDR/USDT,ARDR_USDT
ARPA/USDT,ARPA_USDT
ASR/USDT,ASR_USDT
ATA/USDT,ATA_USDT
ATM/USDT,ATM_USDT
ATOM/USDT,ATOM_USDT
AUDIO/USDT,AUDIO_USDT
AUTO/USDT,AUTO_USDT
AVA/USDT,AVA_USDT
AVAX/USDT,AVAX_USDT
AXS/USDT,AXS_USDT
BADGER/USDT,BADGER_USDT
BAKE/USDT,BAKE_USDT
BAL/USDT,BAL_USDT
BAND/USDT,BAND_USDT
BAR/USDT,BAR_USDT
BAT/USDT,BAT_USDT
BCC/USDT,BCC_USDT
BCH/USDT,BCH_USDT
BEAM/USDT,BEAM_USDT
BEL/USDT,BEL_USDT
BKRW/USDT,BKRW_USDT
BLZ/USDT,BLZ_USDT
BNB/USDT,BNB_USDT
BNT/USDT,BNT_USDT
BOND/USDT,BOND_USDT
BSV/USDT,BSV_USDT
BTC/USDT,BTC_USDT
BTCDOWN/USDT,BTCDOWN_USDT
BTCST/USDT,BTCST_USDT
BTG/USDT,BTG_USDT
BTS/USDT,BTS_USDT
BTT/USDT,BTT_USDT
BURGER/USDT,BURGER_USDT
BUSD/USDT,BUSD_USDT
BZRX/USDT,BZRX_USDT
C98/USDT,C98_USDT
CAKE/USDT,CAKE_USDT
CELO/USDT,CELO_USDT
CELR/USDT,CELR_USDT
CFX/USDT,CFX_USDT
CHR/USDT,CHR_USDT
CHZ/USDT,CHZ_USDT
CKB/USDT,CKB_USDT
CLV/USDT,CLV_USDT
COCOS/USDT,COCOS_USDT
COMP/USDT,COMP_USDT
COS/USDT,COS_USDT
COTI/USDT,COTI_USDT
CRV/USDT,CRV_USDT
CTK/USDT,CTK_USDT
CTSI/USDT,CTSI_USDT
CTXC/USDT,CTXC_USDT
CVC/USDT,CVC_USDT
DASH/USDT,DASH_USDT
DATA/USDT,DATA_USDT
DCR/USDT,DCR_USDT
DEGO/USDT,DEGO_USDT
DENT/USDT,DENT_USDT
DEXE/USDT,DEXE_USDT
DGB/USDT,DGB_USDT
DIA/USDT,DIA_USDT
DNT/USDT,DNT_USDT
DOCK/USDT,DOCK_USDT
DODO/USDT,DODO_USDT
DOGE/USDT,DOGE_USDT
DOT/USDT,DOT_USDT
DREP/USDT,DREP_USDT
DUSK/USDT,DUSK_USDT
EGLD/USDT,EGLD_USDT
ENJ/USDT,ENJ_USDT
EOS/USDT,EOS_USDT
EPS/USDT,EPS_USDT
ERD/USDT,ERD_USDT
ERN/USDT,ERN_USDT
ETC/USDT,ETC_USDT
ETH/USDT,ETH_USDT
FARM/USDT,FARM_USDT
FET/USDT,FET_USDT
FIL/USDT,FIL_USDT
FIO/USDT,FIO_USDT
FIRO/USDT,FIRO_USDT
FIS/USDT,FIS_USDT
FLM/USDT,FLM_USDT
FLOW/USDT,FLOW_USDT
FORTH/USDT,FORTH_USDT
FTM/USDT,FTM_USDT
FTT/USDT,FTT_USDT
FUN/USDT,FUN_USDT
GRT/USDT,GRT_USDT
GTC/USDT,GTC_USDT
GTO/USDT,GTO_USDT
GXS/USDT,GXS_USDT
HARD/USDT,HARD_USDT
HBAR/USDT,HBAR_USDT
HC/USDT,HC_USDT
HIVE/USDT,HIVE_USDT
HNT/USDT,HNT_USDT
HOT/USDT,HOT_USDT
ICP/USDT,ICP_USDT
ICX/USDT,ICX_USDT
INJ/USDT,INJ_USDT
IOST/USDT,IOST_USDT
IOTA/USDT,IOTA_USDT
IOTX/USDT,IOTX_USDT
IRIS/USDT,IRIS_USDT
JST/USDT,JST_USDT
JUV/USDT,JUV_USDT
KAVA/USDT,KAVA_USDT
KEEP/USDT,KEEP_USDT
KEY/USDT,KEY_USDT
KLAY/USDT,KLAY_USDT
KMD/USDT,KMD_USDT
KNC/USDT,KNC_USDT
KSM/USDT,KSM_USDT
LEND/USDT,LEND_USDT
LINA/USDT,LINA_USDT
LINK/USDT,LINK_USDT
LIT/USDT,LIT_USDT
LPT/USDT,LPT_USDT
LRC/USDT,LRC_USDT
LSK/USDT,LSK_USDT
LTC/USDT,LTC_USDT
LTO/USDT,LTO_USDT
LUNA/USDT,LUNA_USDT
MANA/USDT,MANA_USDT
MASK/USDT,MASK_USDT
MATIC/USDT,MATIC_USDT
MBL/USDT,MBL_USDT
MCO/USDT,MCO_USDT
MDT/USDT,MDT_USDT
MDX/USDT,MDX_USDT
MFT/USDT,MFT_USDT
MINA/USDT,MINA_USDT
MIR/USDT,MIR_USDT
MITH/USDT,MITH_USDT
MKR/USDT,MKR_USDT
MLN/USDT,MLN_USDT
MTL/USDT,MTL_USDT
NANO/USDT,NANO_USDT
NBS/USDT,NBS_USDT
NEAR/USDT,NEAR_USDT
NEO/USDT,NEO_USDT
NKN/USDT,NKN_USDT
NMR/USDT,NMR_USDT
NPXS/USDT,NPXS_USDT
NU/USDT,NU_USDT
NULS/USDT,NULS_USDT
OCEAN/USDT,OCEAN_USDT
OG/USDT,OG_USDT
OGN/USDT,OGN_USDT
OM/USDT,OM_USDT
OMG/USDT,OMG_USDT
ONE/USDT,ONE_USDT
ONG/USDT,ONG_USDT
ONT/USDT,ONT_USDT
ORN/USDT,ORN_USDT
OXT/USDT,OXT_USDT
PAXG/USDT,PAXG_USDT
PERL/USDT,PERL_USDT
PERP/USDT,PERP_USDT
PHA/USDT,PHA_USDT
PNT/USDT,PNT_USDT
POLS/USDT,POLS_USDT
POND/USDT,POND_USDT
PSG/USDT,PSG_USDT
PUNDIX/USDT,PUNDIX_USDT
QNT/USDT,QNT_USDT
QTUM/USDT,QTUM_USDT
RAMP/USDT,RAMP_USDT
RAY/USDT,RAY_USDT
REEF/USDT,REEF_USDT
REN/USDT,REN_USDT
REP/USDT,REP_USDT
RIF/USDT,RIF_USDT
RLC/USDT,RLC_USDT
ROSE/USDT,ROSE_USDT
RSR/USDT,RSR_USDT
RUNE/USDT,RUNE_USDT
RVN/USDT,RVN_USDT
SAND/USDT,SAND_USDT
SC/USDT,SC_USDT
SFP/USDT,SFP_USDT
SHIB/USDT,SHIB_USDT
SKL/USDT,SKL_USDT
SLP/USDT,SLP_USDT
SNX/USDT,SNX_USDT
SOL/USDT,SOL_USDT
SRM/USDT,SRM_USDT
STMX/USDT,STMX_USDT
STORJ/USDT,STORJ_USDT
STORM/USDT,STORM_USDT
STPT/USDT,STPT_USDT
STRAT/USDT,STRAT_USDT
STRAX/USDT,STRAX_USDT
STX/USDT,STX_USDT
SUN/USDT,SUN_USDT
SUPER/USDT,SUPER_USDT
SUSHI/USDT,SUSHI_USDT
SXP/USDT,SXP_USDT
TCT/USDT,TCT_USDT
TFUEL/USDT,TFUEL_USDT
THETA/USDT,THETA_USDT
TKO/USDT,TKO_USDT
TLM/USDT,TLM_USDT
TOMO/USDT,TOMO_USDT
TORN/USDT,TORN_USDT
TRB/USDT,TRB_USDT
TROY/USDT,TROY_USDT
TRU/USDT,TRU_USDT
TRX/USDT,TRX_USDT
TVK/USDT,TVK_USDT
TWT/USDT,TWT_USDT
UMA/USDT,UMA_USDT
UNFI/USDT,UNFI_USDT
UNI/USDT,UNI_USDT
UTK/USDT,UTK_USDT
VEN/USDT,VEN_USDT
VET/USDT,VET_USDT
VITE/USDT,VITE_USDT
VTHO/USDT,VTHO_USDT
WAN/USDT,WAN_USDT
WAVES/USDT,WAVES_USDT
WIN/USDT,WIN_USDT
WING/USDT,WING_USDT
WNXM/USDT,WNXM_USDT
WRX/USDT,WRX_USDT
WTC/USDT,WTC_USDT
XEM/USDT,XEM_USDT
XLM/USDT,XLM_USDT
XMR/USDT,XMR_USDT
XRP/USDT,XRP_USDT
XTZ/USDT,XTZ_USDT
XVG/USDT,XVG_USDT
XVS/USDT,XVS_USDT
XZC/USDT,XZC_USDT
YFI/USDT,YFI_USDT
YFII/USDT,YFII_USDT
ZEC/USDT,ZEC_USDT
ZEN/USDT,ZEN_USDT
ZIL/USDT,ZIL_USDT
ZRX/USDT,ZRX_USDT